#{"t_start": 1645444656.0032434, "env_id": "PandaPickAndPlace-v1"}
r,l,t,is_success
-56.988098,50,4.614978,0.0
-54.839705,50,4.762207,0.0
