#{"t_start": 1650196743.7445326, "env_id": "PandaStack-v1"}
r,l,t,is_success
-100.0,100,10.506726,0.0
-40.0,100,31.87935,1.0
-100.0,100,53.566053,0.0
